"DRINKING WATER","Year","Population 
(thousands)","% urban","NATIONAL","","","","","RURAL","","","","","URBAN","","","","","NATIONAL","","","","","","","RURAL","","","","","","","URBAN","","","","","","",""
"REGION","","","","","","","","","","","","","","","","","","","Proportion of population using 
improved water supplies","","","","","","","Proportion of population using 
improved water supplies","","","","","","","Proportion of population using 
improved water supplies","","","","","","",""
"","","","","At least basic","Limited (more than 30 mins)","Unimproved","Surface water","Annual rate of change in basic","At least basic","Limited (more than 30 mins)","Unimproved","Surface water","Annual rate of change in basic","At least basic","Limited (more than 30 mins)","Unimproved","Surface water","Annual rate of change in basic","Safely managed","Accessible on premises","Available when needed","Free from contamination","Annual rate of change in safely managed","Piped","Non-piped","Safely managed","Accessible on premises","Available when needed","Free from contamination","Annual rate of change in safely managed","Piped","Non-piped","Safely managed","Accessible on premises","Available when needed","Free from contamination","Annual rate of change in safely managed","Piped","Non-piped","Sl"
"Australia and New Zealand","2000","22850.425537109","85",">99","<1","<1","<1","0.01",">99","<1","<1","<1","0.04",">99","<1","<1","<1","0.01","-","97","92","-","-","86","13","-","89","90","-","-","65","34","92","98","92","97","0.23","90","10","1"
"Australia and New Zealand","2001","23102.616699219","84",">99","<1","<1","<1","0.01",">99","<1","<1","<1","0.04",">99","<1","<1","<1","0.01","-","97","92","-","-","86","14","-","89","91","-","-","65","34","92","98","92","97","0.23","90","10","2"
"Australia and New Zealand","2002","23364.567138672","85",">99","<1","<1","<1","0.01",">99","<1","<1","<1","0.04",">99","<1","<1","<1","0.01","-","97","92","-","-","86","13","-","89","91","-","-","65","34","93","98","93","97","0.23","90","10","3"
"Australia and New Zealand","2003","23646.236083984","85",">99","<1","<1","<1","0.01",">99","<1","<1","<1","0.04",">99","<1","<1","<1","0.01","-","97","93","-","-","87","13","-","89","92","-","-","67","32","93","99","93","97","0.23","90","9","4"
"Australia and New Zealand","2004","23960.075195312","85",">99","<1","<1","<1","0.01",">99","<1","<1","<1","0.04",">99","<1","<1","<1","0.01","-","97","93","-","-","87","12","-","89","92","-","-","69","31","93","99","93","97","0.23","91","9","5"
"Australia and New Zealand","2005","24313.895996094","85",">99","<1","<1","<1","0.01",">99","<1","<1","<1","0.04",">99","<1","<1","<1","0.01","-","97","94","-","-","88","12","-","89","93","-","-","70","29","94","99","94","97","0.23","91","9","6"
"Australia and New Zealand","2006","24712.182617188","85",">99","<1","<1","<1","0.01",">99","<1","<1","<1","0.04",">99","<1","<1","<1","0.01","-","97","94","-","-","88","12","-","89","93","-","-","72","28","94","99","94","97","0.23","91","9","7"
"Australia and New Zealand","2007","25149.385742188","85",">99","<1","<1","<1","0.01",">99","<1","<1","<1","0.04",">99","<1","<1","<1","0.01","-","97","94","-","-","89","11","-","89","94","-","-","73","26","95","99","95","97","0.23","91","8","8"
"Australia and New Zealand","2008","25610.448730469","85",">99","<1","<1","<1","0.01",">99","<1","<1","<1","0.04",">99","<1","<1","<1","0.01","-","97","95","-","-","89","11","-","90","94","-","-","75","24","95","99","95","98","0.23","92","8","9"
"Australia and New Zealand","2009","26074.189453125","85",">99","<1","<1","<1","0.01",">99","<1","<1","<1","0.04",">99","<1","<1","<1","0.01","-","97","95","-","-","90","10","-","90","94","-","-","77","23","95","99","95","98","0.23","92","8","10"
"Australia and New Zealand","2010","26524.747558594","85",">99","<1","<1","<1","0.01",">99","<1","<1","<1","0.04",">99","<1","<1","<1","0.01","-","98","96","-","-","90","10","-","90","95","-","-","78","21","96","99","96","98","0.23","92","8","11"
"Australia and New Zealand","2011","26956.67578125","85",">99","<1","<1","<1","0.01",">99","<1","<1","<1","0.04",">99","<1","<1","<1","0.01","-","98","96","-","-","91","9","-","90","95","-","-","80","20","96","99","96","98","0.23","93","7","12"
"Australia and New Zealand","2012","27372.413085938","86",">99","<1","<1","<1","0.01",">99","<1","<1","<1","0.04",">99","<1","<1","<1","0.01","-","98","96","-","-","91","9","-","90","96","-","-","82","18","96","99","96","98","0.23","93","7","13"
"Australia and New Zealand","2013","27773.431152344","86",">99","<1","<1","<1","0.01",">99","<1","<1","<1","0.04",">99","<1","<1","<1","0.01","-","98","96","-","-","92","8","-","90","96","-","-","83","17","97",">99","97","99","0.23","93","7","14"
"Australia and New Zealand","2014","28163.947753906","86",">99","<1","<1","<1","0.01",">99","<1","<1","<1","0.04",">99","<1","<1","<1","0.01","-","98","96","-","-","92","8","-","90","96","-","-","85","15","97",">99","97","99","0.23","93","7","15"
"Australia and New Zealand","2015","28547.024902344","86",">99","<1","<1","<1","0.01",">99","<1","<1","<1","0.04",">99","<1","<1","<1","0.01","-","98","96","-","-","93","7","-","90","96","-","-","86","14","97",">99","97","99","0.23","94","6","16"
"Australia and New Zealand","2016","28921.976074219","86",">99","<1","<1","<1","0.01",">99","<1","<1","<1","0.04",">99","<1","<1","<1","0.01","-","98","96","-","-","93","7","-","90","96","-","-","86","14","97",">99","97",">99","0.23","94","6","17"
"Australia and New Zealand","2017","29286.647949219","86",">99","<1","<1","<1","0.01",">99","<1","<1","<1","0.04",">99","<1","<1","<1","0.01","-","98","96","-","-","93","7","-","90","96","-","-","86","14","97",">99","97",">99","0.23","94","6","18"
"Australia and New Zealand","2018","29641.283203125","86",">99","<1","<1","<1","0.01",">99","<1","<1","<1","0.04",">99","<1","<1","<1","0.01","-","98","96","-","-","93","7","-","90","96","-","-","86","14","97",">99","97",">99","0.23","94","6","19"
"Australia and New Zealand","2019","29986.261230469","86",">99","<1","<1","<1","0.01",">99","<1","<1","<1","0.04",">99","<1","<1","<1","0.01","-","98","96","-","-","93","7","-","90","96","-","-","86","14","97",">99","97",">99","0.23","94","6","20"
"Australia and New Zealand","2020","30322.113769531","86",">99","<1","<1","<1","0.01",">99","<1","<1","<1","0.04",">99","<1","<1","<1","0.01","-","98","96","-","-",">99","<1","-","90","96","-","-",">99","<1","97",">99","97",">99","0.23",">99","<1","21"
"Central and Southern Asia","2000","1511915.2556763","30","82","3","12","2","0.45","77","4","15","3","0.58","94","2","4","<1","0.05","46","49","79","51","0.81","43","43","38","38","74","45","1.21","30","52","65","75","92","65","-0.13","73","22","22"
"Central and Southern Asia","2001","1539136.3328552","30","83","3","11","2","0.45","78","4","15","3","0.58","94","2","4","<1","0.05","47","50","79","52","0.81","43","44","39","39","73","46","1.21","30","52","65","75","92","65","-0.13","73","23","23"
"Central and Southern Asia","2002","1566364.4360962","30","83","3","11","2","0.45","79","4","14","3","0.58","94","2","4","<1","0.05","48","51","78","52","0.81","43","44","40","40","73","46","1.21","30","53","65","76","91","65","-0.13","72","23","24"
"Central and Southern Asia","2003","1593507.3413391","31","84","3","11","2","0.45","79","4","14","3","0.58","94","2","4","<1","0.05","48","52","78","52","0.81","43","45","41","41","72","46","1.21","30","54","65","76","90","65","-0.13","72","24","25"
"Central and Southern Asia","2004","1620441.571106","31","84","4","10","2","0.45","80","4","13","3","0.58","94","2","4","<1","0.05","49","53","77","52","0.81","43","45","42","42","72","47","1.21","30","54","65","76","89","65","-0.13","71","24","26"
"Central and Southern Asia","2005","1647073.7259521","31","85","4","10","2","0.45","80","4","12","3","0.58","94","2","4","<1","0.05","50","54","77","52","0.81","43","46","43","43","72","47","1.21","30","55","65","77","89","65","-0.13","71","25","27"
"Central and Southern Asia","2006","1673377.8163452","32","85","4","9","2","0.45","81","4","12","3","0.58","94","2","4","<1","0.05","51","55","76","53","0.81","43","46","44","44","71","47","1.21","30","56","64","77","88","64","-0.13","71","25","28"
"Central and Southern Asia","2007","1699363.6958618","32","86","4","9","2","0.45","82","4","11","3","0.58","94","2","4","<1","0.05","51","56","76","53","0.81","43","47","46","46","71","47","1.21","30","56","64","77","87","64","-0.13","70","26","29"
"Central and Southern Asia","2008","1725021.1693726","32","86","4","8","2","0.45","82","4","11","3","0.58","94","2","3","<1","0.05","52","57","75","53","0.81","43","47","47","47","70","48","1.21","30","57","64","77","86","64","-0.13","70","26","30"
"Central and Southern Asia","2009","1750350.9543457","33","86","4","8","2","0.45","83","4","10","2","0.58","94","2","3","<1","0.05","53","58","75","54","0.81","43","48","48","48","70","50","1.21","30","58","63","78","86","63","-0.13","69","27","31"
"Central and Southern Asia","2010","1775360.4952087","33","87","4","8","2","0.45","83","5","10","2","0.58","94","2","3","<1","0.05","54","59","74","55","0.81","43","48","49","49","69","51","1.21","30","58","63","78","85","63","-0.13","69","27","32"
"Central and Southern Asia","2011","1800024.375946","33","87","4","7","2","0.45","84","5","9","2","0.58","94","2","3","<1","0.05","55","60","74","56","0.81","43","49","50","50","68","53","1.21","30","59","63","78","84","63","-0.13","68","28","33"
"Central and Southern Asia","2012","1824353.2079773","34","88","4","7","2","0.45","85","5","9","2","0.58","94","2","3","<1","0.05","55","61","73","58","0.81","43","49","52","52","68","55","1.21","29","60","63","78","83","63","-0.13","68","29","34"
"Central and Southern Asia","2013","1848437.7737732","34","88","4","6","1","0.45","85","5","8","2","0.58","94","2","3","<1","0.05","56","62","72","59","0.81","43","50","53","53","67","57","1.21","29","60","63","79","83","63","-0.13","68","29","35"
"Central and Southern Asia","2014","1872400.9786987","35","89","4","6","1","0.45","86","5","8","2","0.58","94","2","3","<1","0.05","57","63","72","60","0.81","43","50","54","54","67","59","1.21","29","61","63","79","82","63","-0.13","67","30","36"
"Central and Southern Asia","2015","1896327.2716675","35","89","4","6","1","0.45","86","5","7","2","0.58","94","3","3","<1","0.05","58","64","71","61","0.81","43","51","56","56","66","61","1.21","29","62","62","79","81","62","-0.13","67","30","37"
"Central and Southern Asia","2016","1920242.5332642","35","90","4","5","1","0.45","87","5","7","2","0.58","94","3","3","<1","0.05","59","65","71","63","0.81","42","51","57","57","65","63","1.21","29","62","62","79","80","62","-0.13","66","31","38"
"Central and Southern Asia","2017","1944108.5054321","36","90","4","5","1","0.45","87","5","6","2","0.58","94","3","3","<1","0.05","60","66","70","64","0.81","42","52","58","58","65","65","1.21","29","63","62","80","80","62","-0.13","66","31","39"
"Central and Southern Asia","2018","1967865.5687256","36","90","4","4","1","0.45","88","5","6","2","0.58","95","3","2","<1","0.05","61","67","69","65","0.81","42","52","60","60","64","67","1.21","29","63","62","80","79","62","-0.13","66","32","40"
"Central and Southern Asia","2019","1991423.4943237","37","91","4","4","1","0.45","89","5","5","1","0.58","95","3","2","<1","0.05","61","68","69","66","0.81","42","52","61","61","63","68","1.21","29","64","63","80","78","63","-0.13","65","32","41"
"Central and Southern Asia","2020","2014708.5250854","37","91","4","4","<1","0.45","89","5","5","1","0.58","95","3","2","<1","0.05","62","69","68","68","0.81","42","53","62","62","63","70","1.21","29","65","63","80","77","63","-0.13","65","33","42"
"Eastern and South-Eastern Asia","2000","2043904.8276367","41","81","1","14","3","0.64","71","1","23","5","0.92","97","<1","2","<1","0.05","-","66","78","-","-","48","35","-","48","66","-","-","26","46","88","92","94","88","0.22","79","18","43"
"Eastern and South-Eastern Asia","2001","2060862.2210999","42","82","1","14","3","0.64","71","1","23","5","0.92","97","<1","2","<1","0.05","-","67","78","-","-","49","34","-","48","67","-","-","27","45","88","92","94","88","0.22","80","18","44"
"Eastern and South-Eastern Asia","2002","2078182.3854065","43","83","1","13","3","0.64","72","1","22","5","0.92","97","<1","2","<1","0.05","-","69","79","-","-","51","33","-","51","68","-","-","29","45","89","92","95","89","0.22","80","17","45"
"Eastern and South-Eastern Asia","2003","2094161.6848145","44","84","1","12","3","0.64","73","1","21","5","0.92","97","<1","2","<1","0.05","-","71","80","-","-","52","32","-","53","69","-","-","30","44","89","92","95","89","0.22","81","17","46"
"Eastern and South-Eastern Asia","2004","2109844.4630127","45","84","1","12","3","0.64","74","1","20","5","0.92","97","<1","2","<1","0.05","-","72","81","-","-","54","32","-","56","69","-","-","31","44","89","92","95","89","0.22","81","17","47"
"Eastern and South-Eastern Asia","2005","2125348.4319153","46","85","1","11","3","0.64","75","1","19","5","0.92","97","<1","2","<1","0.05","-","74","82","-","-","55","31","-","59","70","-","-","33","44","89","92","95","89","0.22","81","16","48"
"Eastern and South-Eastern Asia","2006","2140698.128479","47","86","1","11","2","0.64","76","1","18","4","0.92","97","<1","2","<1","0.05","-","76","82","-","-","57","30","-","61","71","-","-","34","43","89","92","95","89","0.22","82","16","49"
"Eastern and South-Eastern Asia","2007","2155914.7566528","49","87","1","10","2","0.64","77","1","18","4","0.92","97","<1","2","<1","0.05","-","78","83","-","-","58","30","-","64","72","-","-","35","43","89","92","95","89","0.22","82","16","50"
"Eastern and South-Eastern Asia","2008","2171101.6145935","50","87","1","9","2","0.64","78","1","17","4","0.92","97","<1","2","<1","0.05","-","80","84","-","-","59","29","-","67","73","-","-","37","43","89","92","95","89","0.22","82","15","51"
"Eastern and South-Eastern Asia","2009","2186375.9259338","51","88","1","9","2","0.64","79","1","16","4","0.92","97","<1","2","<1","0.05","-","81","84","-","-","60","29","-","70","74","-","-","38","43","89","92","95","89","0.22","83","15","52"
"Eastern and South-Eastern Asia","2010","2201806.6313782","52","89","1","8","2","0.64","80","2","15","3","0.92","97","<1","2","<1","0.05","-","83","85","-","-","62","28","-","73","75","-","-","39","42","89","92","95","89","0.22","83","15","53"
"Eastern and South-Eastern Asia","2011","2217429.5158691","53","89","1","8","2","0.64","81","2","15","3","0.92","97","<1","2","<1","0.05","-","84","86","-","-","63","28","-","74","76","-","-","40","42","89","92","95","89","0.22","83","15","54"
"Eastern and South-Eastern Asia","2012","2233184.281311","54","90","1","7","1","0.64","82","2","14","3","0.92","97","<1","2","<1","0.05","-","84","86","-","-","64","27","-","75","77","-","-","42","42","90","92","95","90","0.22","84","14","55"
"Eastern and South-Eastern Asia","2013","2248916.7679443","54","91","1","7","1","0.64","83","2","13","3","0.92","97","<1","2","<1","0.05","-","85","87","-","-","65","26","-","76","78","-","-","43","41","91","92","95","91","0.22","84","14","56"
"Eastern and South-Eastern Asia","2014","2264410.5673828","55","91","1","7","1","0.64","84","2","12","2","0.92","97","<1","2","<1","0.05","-","86","87","-","-","66","26","-","77","78","-","-","44","41","91","92","95","91","0.22","84","14","57"
"Eastern and South-Eastern Asia","2015","2279489.632019","56","92","<1","6","1","0.64","85","2","12","2","0.92","97","<1","2","<1","0.05","-","86","88","-","-","67","25","-","78","79","-","-","46","41","92","92","95","92","0.22","85","13","58"
"Eastern and South-Eastern Asia","2016","2294101.370697","57","92","<1","6","<1","0.64","85","2","11","2","0.92","97","<1","2","<1","0.05","-","87","89","-","-","69","25","-","79","80","-","-","47","40","93","93","95","93","0.22","85","13","59"
"Eastern and South-Eastern Asia","2017","2308227.6324768","58","93","<1","5","<1","0.64","86","2","10","2","0.92","98","<1","2","<1","0.05","-","87","89","-","-","70","24","-","80","81","-","-","48","40","93","93","95","93","0.22","85","13","60"
"Eastern and South-Eastern Asia","2018","2321769.7649841","59","93","<1","5","<1","0.64","87","2","9","1","0.92","98","<1","2","<1","0.05","-","88","90","-","-","71","24","-","81","82","-","-","49","40","93","93","95","94","0.22","85","12","61"
"Eastern and South-Eastern Asia","2019","2334623.0133362","60","94","<1","5","<1","0.64","88","2","9","1","0.92","98","<1","2","<1","0.05","-","88","90","-","-","72","23","-","82","83","-","-","51","40","93","93","95","95","0.22","86","12","62"
"Eastern and South-Eastern Asia","2020","2346709.4398499","61","94","<1","4","<1","0.64","89","2","8","1","0.92","98","<1","2","<1","0.05","-","89","90","-","-","73","23","-","83","84","-","-","52","39","93","93","95","95","0.22","86","12","63"
"Europe and Northern America","2000","1037371.2535864","73","99","<1","1","<1","0.03","96","<1","3","<1","0.12",">99","<1","<1","<1","-0.00","90","91","-","96","0.28","93","6","-","78","-","-","-","81","16","96","96","96","98","0.04","98","2","64"
"Europe and Northern America","2001","1040774.7490456","74","99","<1","1","<1","0.03","96","<1","3","<1","0.12",">99","<1","<1","<1","-0.00","90","91","-","96","0.28","93","6","-","78","-","-","-","81","16","96","96","96","98","0.04","98","2","65"
"Europe and Northern America","2002","1044284.6352341","74","99","<1","1","<1","0.03","96","<1","3","<1","0.12",">99","<1","<1","<1","-0.00","90","92","-","96","0.28","93","5","-","78","-","-","-","81","15","96","96","96","98","0.04","98","2","66"
"Europe and Northern America","2003","1047952.5601947","74","99","<1","<1","<1","0.03","96","<1","3","<1","0.12",">99","<1","<1","<1","-0.00","90","92","-","96","0.28","94","5","-","78","-","-","-","82","15","96","96","96","98","0.04","98","2","67"
"Europe and Northern America","2004","1051834.0024185","74","99","<1","<1","<1","0.03","96","<1","3","<1","0.12",">99","<1","<1","<1","-0.00","91","92","-","96","0.28","94","5","-","79","-","-","-","82","15","96","96","96","98","0.04","98","2","68"
"Europe and Northern America","2005","1055958.6321245","74","99","<1","1","<1","0.03","96","<1","3","<1","0.12",">99","<1","<1","<1","-0.00","93","93","95","97","0.28","94","5","-","83","90","-","-","82","15","96","96","96","98","0.04","98","2","69"
"Europe and Northern America","2006","1060972.1935405","75","99","<1","1","<1","0.03","96","<1","3","<1","0.12",">99","<1","<1","<1","-0.00","93","93","95","97","0.28","94","5","-","84","91","-","-","82","14","96","97","96","98","0.04","98","2","70"
"Europe and Northern America","2007","1065607.0660552","75","99","<1","<1","<1","0.03","96","<1","3","<1","0.12",">99","<1","<1","<1","-0.00","94","94","95","97","0.28","94","5","-","85","91","-","-","83","14","96","97","96","98","0.04","98","2","71"
"Europe and Northern America","2008","1070369.2183673","75","99","<1","1","<1","0.03","96","<1","3","<1","0.12",">99","<1","<1","<1","-0.00","94","94","95","97","0.28","94","5","-","86","91","-","-","83","13","96","97","96","98","0.04","98","2","72"
"Europe and Northern America","2009","1075105.7964047","75","99","<1","1","<1","0.03","96","<1","3","<1","0.12",">99","<1","<1","<1","-0.00","94","94","95","97","0.28","94","4","-","86","91","-","-","84","13","96","97","96","98","0.04","98","2","73"
"Europe and Northern America","2010","1079700.4125586","75","99","<1","<1","<1","0.03","97","<1","3","<1","0.12",">99","<1","<1","<1","-0.00","94","94","95","97","0.28","95","4","-","87","91","-","-","84","13","96","97","96","98","0.04","98","2","74"
"Europe and Northern America","2011","1084101.8317192","76","99","<1","<1","<1","0.03","97","<1","3","<1","0.12",">99","<1","<1","<1","-0.00","95","95","95","97","0.28","95","4","-","88","92","-","-","85","12","96","97","96","98","0.04","98","2","75"
"Europe and Northern America","2012","1088318.5410359","76","99","<1","<1","<1","0.03","97","<1","3","<1","0.12",">99","<1","<1","<1","-0.00","95","95","95","97","0.28","95","4","-","89","92","-","-","85","12","97","97","97","99","0.04","98","2","76"
"Europe and Northern America","2013","1092365.899843","76","99","<1","<1","<1","0.03","97","<1","2","<1","0.12",">99","<1","<1","<1","-0.00","95","95","96","98","0.28","95","4","-","89","92","-","-","86","12","97","97","97","99","0.04","98","2","77"
"Europe and Northern America","2014","1096282.5524008","76","99","<1","<1","<1","0.03","97","<1","2","<1","0.12",">99","<1","<1","<1","-0.00","95","95","96","98","0.28","95","4","-","90","93","-","-","86","12","97","97","97","99","0.04","98","2","78"
"Europe and Northern America","2015","1100090.0271364","76","99","<1","<1","<1","0.03","97","<1","2","<1","0.12",">99","<1","<1","<1","-0.00","95","95","96","98","0.28","95","4","-","90","93","-","-","86","12","97","97","97","99","0.04","98","2","79"
"Europe and Northern America","2016","1103793.4367458","77","99","<1","<1","<1","0.03","98","<1","2","<1","0.12",">99","<1","<1","<1","-0.00","95","95","96","98","0.28","95","4","-","90","93","-","-","87","11","97","97","97","99","0.04","98","2","80"
"Europe and Northern America","2017","1107356.9952255","77","99","<1","<1","<1","0.03","98","<1","2","<1","0.12",">99","<1","<1","<1","-0.00","95","95","96","98","0.28","96","4","-","90","94","-","-","87","11","97","97","97","99","0.04","98","2","81"
"Europe and Northern America","2018","1110715.4148837","77",">99","<1","<1","<1","0.03","98","<1","2","<1","0.12",">99","<1","<1","<1","-0.00","95","95","96","98","0.28","96","4","-","91","94","-","-","87","11","97","97","97","99","0.04","98","2","82"
"Europe and Northern America","2019","1113783.7603936","77",">99","<1","<1","<1","0.03","98","<1","1","<1","0.12",">99","<1","<1","<1","-0.00","96","96","96","98","0.28","96","3","-","91","94","-","-","89","10","97","97","97","99","0.04","98","1","83"
"Europe and Northern America","2020","1116505.6918335","77",">99","<1","<1","<1","0.03","98","<1","1","<1","0.12",">99","<1","<1","<1","-0.00","96","96","97","98","0.28","96","3","-","91","95","-","-","89","9","97","97","97","99","0.04","98","1","84"
"Latin America and the Caribbean","2000","521836.3252027","75","91","<1","6","3","0.34","71","3","17","9","0.93","97","<1","2","<1","0.12","72","83","77","72","0.18","83","9","41","54","58","41","0.62","54","20","82","92","83","82","-0.06","92","5","85"
"Latin America and the Caribbean","2001","529213.15292358","76","91","<1","6","3","0.34","72","2","16","9","0.93","97","<1","2","<1","0.12","72","83","78","72","0.18","83","8","41","56","59","41","0.62","55","20","82","92","83","82","-0.06","92","5","86"
"Latin America and the Caribbean","2002","536441.56899142","76","91","<1","5","3","0.34","73","2","15","9","0.93","97","<1","2","<1","0.12","72","84","78","72","0.18","84","8","42","57","59","42","0.62","57","19","82","92","83","82","-0.06","93","5","87"
"Latin America and the Caribbean","2003","543544.13935494","76","92","<1","5","2","0.34","74","2","14","9","0.93","97","<1","2","<1","0.12","73","84","78","73","0.18","85","8","42","58","60","42","0.62","58","19","82","92","83","82","-0.06","93","5","88"
"Latin America and the Caribbean","2004","550555.24957204","77","92","<1","5","2","0.34","75","2","14","9","0.93","97","<1","2","<1","0.12","73","85","78","73","0.18","85","8","43","60","61","43","0.62","59","19","82","93","83","82","-0.06","93","5","89"
"Latin America and the Caribbean","2005","557500.98042607","77","93","<1","4","2","0.34","76","2","13","8","0.93","97","<1","2","<1","0.12","73","86","78","73","0.18","86","8","43","61","61","43","0.62","60","18","82","93","83","82","-0.06","93","4","90"
"Latin America and the Caribbean","2006","564384.72442722","77","93","<1","4","2","0.34","77","2","12","8","0.93","97","<1","2","<1","0.12","74","86","79","74","0.18","86","7","43","63","62","43","0.62","61","18","82","93","83","82","-0.06","93","4","91"
"Latin America and the Caribbean","2007","571201.88231277","78","93","<1","4","2","0.34","79","2","12","8","0.93","98","<1","2","<1","0.12","74","87","79","74","0.18","87","7","44","64","62","44","0.62","63","18","82","94","83","82","-0.06","94","4","92"
"Latin America and the Caribbean","2008","577962.66529441","78","94","<1","4","2","0.34","80","2","11","8","0.93","98","<1","2","<1","0.12","74","88","79","74","0.18","87","7","44","66","63","44","0.62","64","18","82","94","83","82","-0.06","94","4","93"
"Latin America and the Caribbean","2009","584677.51973391","78","94","<1","3","2","0.34","80","2","10","8","0.93","98","<1","2","<1","0.12","74","88","79","74","0.18","88","7","45","67","63","45","0.62","65","17","83","94","83","83","-0.06","94","4","94"
"Latin America and the Caribbean","2010","591352.34760761","79","94","<1","3","2","0.34","81","2","10","7","0.93","98","<1","1","<1","0.12","75","89","79","75","0.18","88","7","45","69","63","45","0.62","66","17","83","94","83","83","-0.06","94","4","95"
"Latin America and the Caribbean","2011","597994.70607185","79","95","<1","3","2","0.34","82","2","9","7","0.93","98","<1","1","<1","0.12","75","89","79","75","0.18","89","7","46","70","64","46","0.62","67","17","83","95","83","83","-0.06","94","4","96"
"Latin America and the Caribbean","2012","604599.46173811","79","95","<1","3","2","0.34","83","2","8","7","0.93","98","<1","1","<1","0.12","75","90","79","75","0.18","89","7","46","71","64","46","0.62","68","16","83","95","83","83","-0.06","95","4","97"
"Latin America and the Caribbean","2013","611143.93811584","79","95","<1","3","2","0.34","84","2","8","6","0.93","98","<1","1","<1","0.12","75","91","79","76","0.18","89","6","47","73","64","47","0.62","70","16","82","95","82","83","-0.06","95","4","98"
"Latin America and the Caribbean","2014","617596.48960757","80","96","<1","2","1","0.34","85","2","7","6","0.93","98","<1","1","<1","0.12","75","91","78","76","0.18","90","6","48","74","65","48","0.62","71","16","82","96","82","84","-0.06","95","4","99"
"Latin America and the Caribbean","2015","623934.1298275","80","96","<1","2","1","0.34","86","2","7","6","0.93","99","<1","1","<1","0.12","75","92","78","77","0.18","90","6","49","76","65","49","0.62","72","16","82","96","82","84","-0.06","95","4","100"
"Latin America and the Caribbean","2016","630144.55263424","80","96","<1","2","1","0.34","86","2","6","5","0.93","99","<1","<1","<1","0.12","75","92","78","77","0.18","91","6","50","77","65","50","0.62","73","16","82","96","82","84","-0.06","95","4","101"
"Latin America and the Caribbean","2017","636233.1380434","80","97","<1","2","1","0.34","87","2","6","5","0.93","99","<1","<1","<1","0.12","75","93","78","78","0.18","91","6","51","79","65","51","0.62","74","16","81","96","81","85","-0.06","95","4","102"
"Latin America and the Caribbean","2018","642216.70022011","81","97","<1","2","1","0.34","88","2","5","5","0.93",">99","<1","<1","<1","0.12","75","93","78","79","0.18","92","6","51","80","65","51","0.62","75","15","81","96","81","85","-0.06","96","4","103"
"Latin America and the Caribbean","2019","648120.9543345","81","97","<1","1","<1","0.34","89","2","5","5","0.93",">99","<1","<1","<1","0.12","75","94","78","79","0.18","92","6","52","81","66","52","0.62","76","15","81","97","81","85","-0.06","96","4","104"
"Latin America and the Caribbean","2020","653962.32876658","81","97","<1","1","<1","0.34","90","1","4","4","0.93",">99","<1","<1","<1","0.12","75","94","78","79","0.18","92","6","53","82","66","53","0.62","77","15","81","97","81","86","-0.06","96","3","105"
"Northern Africa and Western Asia","2000","355881.67019653","56","84","5","9","2","0.41","71","7","17","5","0.66","94","3","3","<1","0.14","68","75","68","72","0.54","76","12","-","57","57","-","-","59","19","76","88","76","80","0.28","90","7","106"
"Northern Africa and Western Asia","2001","362661.04452515","57","84","5","9","2","0.41","72","7","17","5","0.66","94","3","3","<1","0.14","68","75","68","72","0.54","77","12","-","58","58","-","-","59","19","77","88","77","80","0.28","90","7","107"
"Northern Africa and Western Asia","2002","369598.60812378","57","84","5","9","2","0.41","72","7","17","5","0.66","94","3","3","<1","0.14","68","75","69","72","0.54","77","12","-","58","58","-","-","60","19","77","88","77","80","0.28","89","7","108"
"Northern Africa and Western Asia","2003","376756.16870117","57","85","5","9","2","0.41","72","7","16","4","0.66","94","3","3","<1","0.14","69","76","69","73","0.54","77","13","-","59","59","-","-","60","19","77","89","77","80","0.28","89","8","109"
"Northern Africa and Western Asia","2004","384203.32870483","58","85","5","8","2","0.41","73","7","16","4","0.66","94","3","3","<1","0.14","70","77","70","73","0.54","77","13","-","60","59","-","-","61","19","78","89","78","80","0.28","89","8","110"
"Northern Africa and Western Asia","2005","391985.54559326","58","86","5","8","2","0.41","74","7","15","4","0.66","94","3","3","<1","0.14","70","77","71","73","0.54","77","13","-","61","60","-","-","61","20","79","89","79","81","0.28","89","8","111"
"Northern Africa and Western Asia","2006","400125.55548096","58","86","5","7","2","0.41","74","8","14","4","0.66","94","3","2","<1","0.14","71","78","72","74","0.54","78","13","-","61","61","-","-","62","20","79","89","79","81","0.28","89","8","112"
"Northern Africa and Western Asia","2007","408601.63381958","59","87","5","7","2","0.41","75","8","13","4","0.66","95","3","2","<1","0.14","72","78","73","74","0.54","78","13","-","62","62","-","-","63","20","80","90","80","81","0.28","89","8","113"
"Northern Africa and Western Asia","2008","417355.40661621","59","87","5","6","2","0.41","76","8","12","4","0.66","95","3","2","<1","0.14","73","79","74","75","0.54","79","13","-","63","63","-","-","64","20","81","90","81","81","0.28","89","9","114"
"Northern Africa and Western Asia","2009","426301.13851929","60","88","5","6","2","0.41","77","8","11","4","0.66","95","3","2","<1","0.14","74","80","75","75","0.54","79","13","-","64","64","-","-","65","20","81","90","82","81","0.28","89","9","115"
"Northern Africa and Western Asia","2010","435366.78887939","60","88","5","5","2","0.41","78","8","10","4","0.66","95","3","2","<1","0.14","75","80","76","76","0.54","80","14","-","65","65","-","-","65","20","82","91","82","82","0.28","89","9","116"
"Northern Africa and Western Asia","2011","444534.98187256","60","89","5","5","2","0.41","78","8","9","4","0.66","95","3","2","<1","0.14","76","81","76","76","0.54","80","14","-","66","66","-","-","66","21","82","91","83","82","0.28","89","9","117"
"Northern Africa and Western Asia","2012","453795.00616455","61","89","5","4","2","0.41","79","9","9","4","0.66","95","3","1","<1","0.14","76","82","77","77","0.54","81","14","-","67","67","-","-","67","21","82","91","83","82","0.28","89","9","118"
"Northern Africa and Western Asia","2013","463088.04598999","61","90","5","4","2","0.41","80","9","8","4","0.66","96","3","1","<1","0.14","76","82","77","77","0.54","81","14","-","68","68","-","-","68","21","82","92","83","82","0.28","89","9","119"
"Northern Africa and Western Asia","2014","472346.60546875","61","90","5","3","1","0.41","81","9","7","4","0.66","96","3","1","<1","0.14","77","83","77","77","0.54","81","14","-","69","69","-","-","69","21","82","92","83","82","0.28","89","9","120"
"Northern Africa and Western Asia","2015","481520.0166626","62","90","5","3","1","0.41","82","9","6","3","0.66","96","3","<1","<1","0.14","77","84","78","78","0.54","82","14","-","70","69","-","-","70","21","82","92","83","82","0.28","89","10","121"
"Northern Africa and Western Asia","2016","490570.99719238","62","91","5","2","1","0.41","82","9","5","3","0.66","96","3","<1","<1","0.14","78","84","78","78","0.54","82","14","-","71","70","-","-","71","21","82","92","83","82","0.28","90","10","122"
"Northern Africa and Western Asia","2017","499496.95648193","62","91","5","2","1","0.41","83","9","4","3","0.66","96","3","<1","<1","0.14","78","85","79","78","0.54","83","14","-","72","71","-","-","71","21","82","92","83","82","0.28","90","10","123"
"Northern Africa and Western Asia","2018","508325.58300781","63","91","5","2","1","0.41","83","9","4","3","0.66","96","3","<1","<1","0.14","78","85","79","79","0.54","83","14","-","73","71","-","-","72","21","82","92","83","82","0.28","90","10","124"
"Northern Africa and Western Asia","2019","517105.56359863","63","92","6","2","1","0.41","84","10","3","3","0.66","96","3","<1","<1","0.14","78","85","79","79","0.54","83","14","-","73","72","-","-","73","21","82","92","84","82","0.28","89","10","125"
"Northern Africa and Western Asia","2020","525869.29083252","63","92","6","1","1","0.41","85","10","3","3","0.66","96","3","<1","<1","0.14","79","86","79","79","0.54","83","14","-","74","72","-","-","73","21","82","92","84","82","0.28","89","10","126"
"Oceania","2000","8574.6608335972","23","51","1","15","32","0.31","39","1","18","42","0.39","92","2","5","1","0.06","-","35","32","-","-","37","16","-","25","26","-","-","23","18","53","69","53","84","-0.03","83","11","127"
"Oceania","2001","8734.9349261522","23","51","1","15","32","0.31","39","1","18","42","0.39","91","2","5","1","0.06","-","35","32","-","-","38","14","-","25","26","-","-","25","16","53","69","53","83","-0.03","84","10","128"
"Oceania","2002","8890.3301068544","23","51","1","15","32","0.31","39","1","18","42","0.39","91","2","5","1","0.06","-","35","32","-","-","38","14","-","25","26","-","-","24","16","53","69","53","83","-0.03","84","10","129"
"Oceania","2003","9045.1699451208","23","51","1","15","33","0.31","39","1","18","42","0.39","91","2","5","1","0.06","-","35","32","-","-","38","14","-","25","26","-","-","24","16","53","69","53","83","-0.03","84","10","130"
"Oceania","2004","9205.691083312","23","51","1","15","33","0.31","39","1","18","42","0.39","91","2","5","1","0.06","-","35","32","-","-","38","14","-","24","26","-","-","24","16","53","69","53","83","-0.03","84","10","131"
"Oceania","2005","9376.316868782","23","51","1","15","32","0.31","39","1","18","41","0.39","91","2","5","1","0.06","-","35","32","-","-","38","15","-","25","26","-","-","24","16","53","69","53","83","-0.03","83","10","132"
"Oceania","2006","9558.8911106586","23","52","1","15","32","0.31","40","1","19","40","0.39","91","2","5","1","0.06","-","35","32","-","-","37","16","-","25","26","-","-","24","17","53","69","53","83","-0.03","83","11","133"
"Oceania","2007","9751.5409488678","23","52","2","16","31","0.31","40","1","19","40","0.39","91","2","5","2","0.06","-","35","32","-","-","37","16","-","25","26","-","-","23","18","53","69","53","82","-0.03","82","11","134"
"Oceania","2008","9950.7132184505","23","52","2","16","30","0.31","41","1","19","39","0.39","91","2","5","2","0.06","-","35","33","-","-","37","17","-","25","27","-","-","23","19","53","69","53","82","-0.03","82","12","135"
"Oceania","2009","10150.947929263","23","53","2","16","30","0.31","41","1","19","38","0.39","91","2","5","2","0.06","-","36","33","-","-","36","18","-","25","27","-","-","23","20","53","71","53","82","-0.03","81","12","136"
"Oceania","2010","10348.32222414","23","53","2","16","29","0.31","42","2","20","37","0.39","92","2","5","2","0.06","-","36","33","-","-","36","19","-","26","27","-","-","23","20","53","72","53","82","-0.03","81","13","137"
"Oceania","2011","10541.648766994","23","53","2","16","29","0.31","42","2","20","37","0.39","92","2","5","2","0.06","-","37","33","-","-","36","19","-","26","27","-","-","22","21","53","74","53","81","-0.03","80","14","138"
"Oceania","2012","10732.319933772","23","54","2","17","28","0.31","43","2","20","36","0.39","92","2","4","2","0.06","-","38","33","-","-","35","20","-","26","28","-","-","22","22","53","76","53","81","-0.03","79","14","139"
"Oceania","2013","10922.311152458","23","54","2","17","27","0.31","43","2","20","35","0.39","92","2","4","2","0.06","-","38","34","-","-","35","21","-","27","28","-","-","22","23","53","77","53","81","-0.03","79","15","140"
"Oceania","2014","11114.681924462","23","55","2","17","27","0.31","44","2","21","34","0.39","92","1","4","2","0.06","-","39","34","-","-","35","22","-","27","28","-","-","22","24","53","79","53","80","-0.03","78","15","141"
"Oceania","2015","11311.666971803","23","55","2","17","26","0.31","44","2","21","33","0.39","92","1","4","2","0.06","-","40","34","-","-","34","22","-","28","29","-","-","22","24","53","81","53","80","-0.03","78","16","142"
"Oceania","2016","11513.655582309","23","55","2","17","25","0.31","45","2","21","32","0.39","92","1","4","2","0.06","-","40","34","-","-","34","23","-","28","29","-","-","21","25","53","83","53","79","-0.03","77","17","143"
"Oceania","2017","11719.831135392","23","56","2","17","25","0.31","45","2","21","31","0.39","92","1","4","2","0.06","-","41","35","-","-","33","25","-","29","29","-","-","21","26","53","84","53","79","-0.03","74","19","144"
"Oceania","2018","11929.539217472","23","56","2","18","24","0.31","46","2","22","30","0.39","93","1","4","3","0.06","-","42","35","-","-","33","25","-","29","30","-","-","21","27","53","86","53","79","-0.03","74","20","145"
"Oceania","2019","12141.786124945","23","57","2","18","23","0.31","46","2","22","30","0.39","93","<1","4","3","0.06","-","43","35","-","-","33","26","-","30","30","-","-","21","28","53","88","53","78","-0.03","73","20","146"
"Oceania","2020","12355.695293069","23","57","2","18","23","0.31","47","3","22","29","0.39","93","<1","4","3","0.06","-","44","36","-","-","33","27","-","30","30","-","-","21","28","53","90","53","78","-0.03","72","21","147"
"Sub-Saharan Africa","2000","633461.99114895","32","45","9","27","19","0.99","30","9","35","26","0.94","77","9","10","4","0.50","17","17","41","27","0.65","29","25","6","6","31","15","0.35","13","26","41","41","62","53","0.65","65","21","148"
"Sub-Saharan Africa","2001","650179.3676219","32","46","9","27","18","0.99","31","9","35","25","0.94","77","9","10","4","0.50","17","17","42","27","0.65","30","25","6","6","32","15","0.35","13","27","41","41","63","53","0.65","64","22","149"
"Sub-Saharan Africa","2002","667344.9291954","32","47","10","26","18","0.99","32","10","34","24","0.94","78","9","10","3","0.50","18","18","43","28","0.65","30","26","7","7","33","15","0.35","13","28","41","41","63","53","0.65","64","23","150"
"Sub-Saharan Africa","2003","685022.00971508","33","48","10","26","17","0.99","33","10","34","24","0.94","78","9","9","3","0.50","18","18","43","28","0.65","30","27","7","7","34","16","0.35","14","29","42","42","63","53","0.65","63","24","151"
"Sub-Saharan Africa","2004","703286.57362509","33","49","10","25","16","0.99","34","10","33","23","0.94","78","9","9","3","0.50","19","19","44","28","0.65","30","28","7","7","35","16","0.35","14","30","42","42","63","53","0.65","63","25","152"
"Sub-Saharan Africa","2005","722197.07977676","34","50","10","24","16","0.99","35","11","32","22","0.94","79","9","9","3","0.50","19","19","45","29","0.65","31","29","7","7","36","16","0.35","15","31","43","43","63","53","0.65","62","26","153"
"Sub-Saharan Africa","2006","741781.01489115","34","51","10","24","15","0.99","36","11","32","22","0.94","79","9","9","3","0.50","20","20","46","29","0.65","31","30","8","8","37","17","0.35","15","32","44","44","63","53","0.65","62","27","154"
"Sub-Saharan Africa","2007","762041.57454872","35","52","11","23","15","0.99","37","12","31","21","0.94","80","9","8","3","0.50","21","21","47","29","0.65","31","31","8","8","38","17","0.35","15","33","45","45","64","53","0.65","61","27","155"
"Sub-Saharan Africa","2008","782980.46383667","35","53","11","23","14","0.99","38","12","31","20","0.94","80","9","8","3","0.50","21","21","48","30","0.65","32","32","8","8","39","17","0.35","16","34","45","45","64","53","0.65","61","28","156"
"Sub-Saharan Africa","2009","804588.1967144","36","54","11","22","13","0.99","38","12","30","19","0.94","81","9","8","3","0.50","22","22","49","30","0.65","32","33","9","9","40","18","0.35","16","35","46","46","64","53","0.65","60","29","157"
"Sub-Saharan Africa","2010","826855.38051748","36","55","11","21","13","0.99","39","13","29","18","0.94","81","9","8","2","0.50","23","23","50","31","0.65","32","34","9","9","41","18","0.35","16","36","47","47","64","53","0.65","60","30","158"
"Sub-Saharan Africa","2011","859610.522089","37","56","11","21","12","0.99","40","13","29","18","0.94","82","8","7","2","0.50","23","23","51","31","0.65","32","35","9","9","43","18","0.35","17","37","47","47","64","53","0.65","59","31","159"
"Sub-Saharan Africa","2012","883472.69235182","37","57","12","20","12","0.99","41","14","28","17","0.94","82","8","7","2","0.50","24","24","51","31","0.65","33","36","10","10","44","19","0.35","17","38","48","48","65","53","0.65","59","32","160"
"Sub-Saharan Africa","2013","907933.92969513","38","58","12","20","11","0.99","42","14","27","16","0.94","83","8","7","2","0.50","25","25","52","32","0.65","33","37","10","10","45","19","0.35","17","39","49","49","65","53","0.65","58","33","161"
"Sub-Saharan Africa","2014","932975.0355916","38","59","12","19","10","0.99","43","14","27","15","0.94","83","8","7","2","0.50","26","26","53","33","0.65","33","38","11","11","46","20","0.35","18","40","50","50","65","53","0.65","58","33","162"
"Sub-Saharan Africa","2015","958577.19660616","39","60","12","18","10","0.99","44","15","26","15","0.94","84","8","6","2","0.50","27","27","54","33","0.65","33","38","11","11","47","20","0.35","18","41","51","51","66","53","0.65","58","34","163"
"Sub-Saharan Africa","2016","984733.52669525","39","61","12","18","9","0.99","45","15","26","14","0.94","85","8","6","2","0.50","28","28","55","34","0.65","34","39","12","12","48","21","0.35","18","42","52","52","66","53","0.65","57","35","164"
"Sub-Saharan Africa","2017","1011429.0808148","40","62","12","17","8","0.99","46","16","25","13","0.94","85","7","6","2","0.50","28","28","56","34","0.65","34","40","12","12","49","22","0.35","19","43","53","53","66","53","0.65","57","36","165"
"Sub-Saharan Africa","2018","1038627.2137666","40","63","13","17","8","0.99","47","16","24","12","0.94","86","7","6","1","0.50","29","29","57","35","0.65","34","41","13","13","50","22","0.35","19","44","53","54","67","53","0.65","56","37","166"
"Sub-Saharan Africa","2019","1066283.4186049","41","64","13","16","7","0.99","48","17","24","12","0.94","86","7","5","1","0.50","30","30","58","35","0.65","34","42","13","13","51","23","0.35","20","45","54","55","67","54","0.65","56","38","167"
"Sub-Saharan Africa","2020","1094365.6222849","42","65","13","16","7","0.99","49","17","23","11","0.94","87","7","5","1","0.50","30","31","59","36","0.65","35","43","13","13","52","23","0.35","20","46","54","56","68","54","0.65","56","38","168"
"Low-income","2000","395568.81311035","28","41","10","31","17","0.88","28","10","39","22","0.93","76","9","11","3","0.36","19","19","42","27","0.50","28","24","8","8","33","15","0.28","13","26","46","46","65","56","0.60","68","18","169"
"Low-income","2001","406675.62512207","28","42","10","31","17","0.88","29","11","38","22","0.93","76","10","11","3","0.36","19","19","43","27","0.50","28","24","9","9","34","16","0.28","13","27","46","46","65","56","0.60","68","18","170"
"Low-income","2002","418245.52453613","28","43","11","30","16","0.88","30","11","38","21","0.93","76","10","11","3","0.36","19","19","44","27","0.50","29","25","9","9","35","16","0.28","14","27","46","46","66","56","0.60","67","19","171"
"Low-income","2003","430231.0032959","28","44","11","30","15","0.88","31","12","37","20","0.93","77","10","11","3","0.36","20","20","45","27","0.50","29","26","9","9","36","16","0.28","14","28","47","47","66","56","0.60","67","19","172"
"Low-income","2004","442551.70739746","29","45","11","29","15","0.88","32","12","36","20","0.93","77","10","11","3","0.36","20","20","45","28","0.50","29","27","9","9","37","16","0.28","14","29","47","47","66","56","0.60","67","20","173"
"Low-income","2005","455143.71313477","29","45","12","28","14","0.88","33","13","36","19","0.93","77","10","10","3","0.36","20","20","47","28","0.50","30","27","9","9","39","16","0.28","15","30","48","48","66","56","0.60","67","20","174"
"Low-income","2006","468019.62023926","29","46","12","28","14","0.88","34","13","35","18","0.93","78","10","10","2","0.36","21","21","48","28","0.50","30","28","9","9","40","17","0.28","15","31","48","48","66","56","0.60","67","21","175"
"Low-income","2007","481190.31213379","29","47","13","27","13","0.88","35","14","34","18","0.93","78","10","9","2","0.36","21","21","49","29","0.50","31","29","10","10","41","17","0.28","16","32","49","49","67","57","0.60","67","21","176"
"Low-income","2008","494587.76159668","30","48","13","26","13","0.88","36","14","33","17","0.93","79","10","9","2","0.36","22","22","50","29","0.50","32","30","10","10","43","17","0.28","17","33","50","50","67","57","0.60","67","22","177"
"Low-income","2009","508125.47485352","30","49","13","25","12","0.88","37","15","32","16","0.93","79","10","9","2","0.36","22","22","51","29","0.50","32","31","10","10","44","18","0.28","17","34","50","50","67","57","0.60","67","22","178"
"Low-income","2010","521751.66088867","31","50","14","24","11","0.88","38","15","31","16","0.93","79","10","8","2","0.36","23","23","52","30","0.50","33","31","11","11","45","18","0.28","18","35","51","51","67","57","0.60","67","23","179"
"Low-income","2011","545264.97729492","31","51","14","23","11","0.88","39","16","30","15","0.93","79","11","8","2","0.36","23","23","53","30","0.50","33","33","11","11","47","18","0.28","18","37","51","51","67","57","0.60","66","24","180"
"Low-income","2012","559331.45410156","31","52","15","23","10","0.88","40","17","29","14","0.93","80","11","8","2","0.36","24","24","54","30","0.50","33","34","11","11","48","18","0.28","19","38","52","52","68","57","0.60","66","24","181"
"Low-income","2013","573577.26318359","31","53","15","22","10","0.88","41","17","29","14","0.93","80","11","7","2","0.36","24","24","55","31","0.50","34","34","11","11","49","19","0.28","19","39","52","52","68","57","0.60","66","25","182"
"Low-income","2014","588169.24853516","31","54","16","21","9","0.88","41","18","28","13","0.93","81","11","7","1","0.36","25","25","56","32","0.50","34","35","12","12","50","20","0.28","20","40","53","53","68","57","0.60","66","25","183"
"Low-income","2015","603234.48242188","32","55","16","21","9","0.88","42","18","27","12","0.93","81","11","6","1","0.36","25","25","57","32","0.50","35","36","12","12","52","21","0.28","20","41","54","54","69","58","0.60","66","26","184"
"Low-income","2016","618793.8302002","32","56","17","20","8","0.88","43","19","26","11","0.93","81","11","6","1","0.36","26","26","58","33","0.50","35","37","12","12","53","21","0.28","21","42","54","54","69","58","0.60","67","26","185"
"Low-income","2017","634827.76953125","32","56","17","19","8","0.88","44","19","26","11","0.93","82","11","6","1","0.36","27","27","59","34","0.50","36","38","13","13","54","22","0.28","21","43","55","55","70","58","0.60","67","27","186"
"Low-income","2018","651371.25805664","33","57","17","18","7","0.88","45","20","25","10","0.93","82","11","5","<1","0.36","27","27","60","34","0.50","36","38","13","13","55","23","0.28","21","44","56","56","70","58","0.60","67","27","187"
"Low-income","2019","668454.93017578","33","58","18","18","6","0.88","46","21","24","9","0.93","83","11","5","<1","0.36","28","28","61","35","0.50","37","39","14","14","56","24","0.28","22","45","57","57","70","58","0.60","67","27","188"
"Low-income","2020","686089.21508789","34","59","18","17","6","0.88","47","21","23","9","0.93","83","12","5","<1","0.36","29","29","62","36","0.50","37","40","14","14","57","24","0.28","22","46","58","58","71","58","0.60","67","27","189"
"Lower-middle-income","2000","2156281.0162811","32","77","4","13","5","0.54","71","5","17","7","0.67","91","3","5","1","0.15","43","45","72","48","0.75","41","41","34","34","66","41","1.19","27","49","62","69","85","62","-0.19","70","23","190"
"Lower-middle-income","2001","2195165.65905","32","78","4","13","5","0.54","72","5","16","7","0.67","91","3","5","1","0.15","44","46","72","48","0.75","41","41","35","35","66","41","1.19","27","49","62","69","84","62","-0.19","70","24","191"
"Lower-middle-income","2002","2234837.6719589","33","78","4","12","5","0.54","72","5","16","7","0.67","91","3","5","1","0.15","44","47","72","48","0.75","41","42","36","36","66","42","1.19","27","50","61","70","84","61","-0.19","70","25","192"
"Lower-middle-income","2003","2273573.021492","33","79","4","12","5","0.54","73","5","15","7","0.67","91","3","5","1","0.15","45","48","72","48","0.75","41","42","37","37","66","42","1.19","27","50","61","70","83","61","-0.19","69","25","193"
"Lower-middle-income","2004","2312406.0936966","33","79","4","11","5","0.54","74","5","15","7","0.67","91","3","4","1","0.15","46","49","72","48","0.75","41","42","38","38","66","42","1.19","28","51","61","70","83","61","-0.19","69","26","194"
"Lower-middle-income","2005","2351435.2243881","34","80","4","11","5","0.54","74","5","14","6","0.67","91","3","4","1","0.15","47","50","71","49","0.75","41","43","40","40","66","43","1.19","28","51","61","71","83","61","-0.19","68","26","195"
"Lower-middle-income","2006","2390693.1701736","34","81","4","11","4","0.54","75","5","14","6","0.67","91","3","4","1","0.15","47","51","71","49","0.75","42","43","41","41","66","43","1.19","28","52","60","71","82","60","-0.19","68","27","196"
"Lower-middle-income","2007","2430158.1434555","35","81","4","10","4","0.54","76","5","13","6","0.67","91","3","4","1","0.15","48","52","71","49","0.75","42","44","42","42","65","43","1.19","28","53","60","71","82","60","-0.19","68","27","197"
"Lower-middle-income","2008","2469807.5563202","35","82","4","10","4","0.54","76","5","13","6","0.67","92","3","4","<1","0.15","49","53","71","49","0.75","42","44","43","43","65","44","1.19","28","53","60","72","82","60","-0.19","67","28","198"
"Lower-middle-income","2009","2509598.5453339","35","82","5","9","4","0.54","77","5","12","6","0.67","92","3","4","<1","0.15","50","54","71","50","0.75","42","45","45","45","65","45","1.19","28","54","59","72","81","59","-0.19","67","28","199"
"Lower-middle-income","2010","2549498.30439","36","83","5","9","4","0.54","78","5","12","5","0.67","92","3","4","<1","0.15","51","55","71","51","0.75","42","45","46","46","65","47","1.19","28","54","59","72","81","59","-0.19","66","29","200"
"Lower-middle-income","2011","2589494.059967","36","83","5","9","4","0.54","78","5","11","5","0.67","92","3","4","<1","0.15","51","56","70","52","0.75","42","46","47","47","65","48","1.19","29","55","59","73","81","59","-0.19","66","30","201"
"Lower-middle-income","2012","2629594.2084885","37","84","5","8","3","0.54","79","5","11","5","0.67","92","3","4","<1","0.15","52","57","70","53","0.75","42","46","48","48","64","50","1.19","29","55","59","73","80","59","-0.19","65","30","202"
"Lower-middle-income","2013","2669811.1632309","37","84","5","8","3","0.54","80","5","10","5","0.67","92","3","3","<1","0.15","53","59","70","54","0.75","42","47","50","50","64","51","1.19","29","56","59","73","80","59","-0.19","65","31","203"
"Lower-middle-income","2014","2710163.9638901","37","85","5","7","3","0.54","80","5","10","5","0.67","92","3","3","<1","0.15","54","60","70","55","0.75","42","47","51","51","64","53","1.19","29","57","59","74","79","59","-0.19","65","31","204"
"Lower-middle-income","2015","2750658.0464325","38","85","5","7","3","0.54","81","5","9","4","0.67","93","3","3","<1","0.15","55","61","69","56","0.75","42","48","52","52","64","55","1.19","29","57","58","74","79","58","-0.19","64","32","205"
"Lower-middle-income","2016","2791286.1683578","38","86","5","7","3","0.54","82","5","9","4","0.67","93","3","3","<1","0.15","55","62","69","57","0.75","43","48","53","53","63","56","1.19","29","58","58","75","78","58","-0.19","64","32","206"
"Lower-middle-income","2017","2832014.2979889","39","87","5","6","3","0.54","82","5","8","4","0.67","93","3","3","<1","0.15","56","63","69","58","0.75","43","48","55","55","63","58","1.19","30","58","58","75","78","58","-0.19","63","33","207"
"Lower-middle-income","2018","2872787.4497299","39","87","5","6","3","0.54","83","5","8","4","0.67","93","3","3","<1","0.15","57","64","69","59","0.75","43","49","56","56","63","60","1.19","30","59","58","75","78","58","-0.19","63","34","208"
"Lower-middle-income","2019","2913534.4295578","40","88","5","5","2","0.54","84","5","7","4","0.67","93","3","3","<1","0.15","57","64","68","60","0.75","43","49","57","57","62","61","1.19","30","59","58","76","77","58","-0.19","62","34","209"
"Lower-middle-income","2020","2954194.9447403","40","88","5","5","2","0.54","84","5","7","4","0.67","94","3","3","<1","0.15","58","65","68","61","0.75","43","50","58","58","62","63","1.19","30","60","58","76","77","58","-0.19","62","35","210"
"Upper-middle-income","2000","2504869.1822414","50","85","<1","12","3","0.55","72","<1","22","5","0.90","97","<1","2","<1","0.05","69","71","78","69","0.40","59","26","-","50","67","-","-","32","41","86","92","90","86","0.19","86","12","211"
"Upper-middle-income","2001","2526926.5055113","50","85","<1","12","2","0.55","72","<1","22","5","0.90","97","<1","2","<1","0.05","69","72","79","69","0.40","60","25","-","50","67","-","-","34","39","87","93","90","87","0.19","86","12","212"
"Upper-middle-income","2002","2548580.8237743","51","86","<1","11","2","0.55","73","<1","21","5","0.90","97","<1","2","<1","0.05","70","73","79","70","0.40","62","25","-","53","68","-","-","35","39","87","93","90","87","0.19","86","11","213"
"Upper-middle-income","2003","2569920.8646097","52","86","<1","10","2","0.55","74","1","20","5","0.90","97","<1","2","<1","0.05","70","75","80","70","0.40","63","24","-","55","68","-","-","37","38","87","93","90","87","0.19","87","11","214"
"Upper-middle-income","2004","2591039.5084019","53","87","<1","10","2","0.55","75","1","19","5","0.90","97","<1","2","<1","0.05","71","76","80","71","0.40","64","24","-","58","69","-","-","38","38","87","93","90","87","0.19","87","11","215"
"Upper-middle-income","2005","2612027.6472645","54","88","<1","9","2","0.55","76","1","18","4","0.90","97","<1","2","<1","0.05","71","78","81","71","0.40","65","23","-","61","70","-","-","40","37","87","93","90","87","0.19","87","11","216"
"Upper-middle-income","2006","2633495.9836998","55","88","<1","9","2","0.55","77","1","17","4","0.90","97","<1","2","<1","0.05","71","80","82","71","0.40","67","23","-","63","71","-","-","41","37","87","93","91","87","0.19","87","11","217"
"Upper-middle-income","2007","2654274.0516796","56","89","<1","8","2","0.55","78","1","17","4","0.90","97","<1","2","<1","0.05","72","81","82","72","0.40","68","22","-","66","72","-","-","43","36","87","93","91","87","0.19","87","11","218"
"Upper-middle-income","2008","2675216.712327","57","90","<1","8","2","0.55","79","1","16","4","0.90","97","<1","2","<1","0.05","72","82","83","72","0.40","69","21","-","69","73","-","-","44","36","87","93","91","87","0.19","88","10","219"
"Upper-middle-income","2009","2696621.8482113","58","90","<1","7","2","0.55","80","1","15","3","0.90","98","<1","2","<1","0.05","73","84","83","73","0.40","70","21","-","71","73","-","-","46","35","87","93","91","87","0.19","88","10","220"
"Upper-middle-income","2010","2718672.8122063","59","91","<1","7","1","0.55","81","1","14","3","0.90","98","<1","2","<1","0.05","73","85","84","73","0.40","71","20","-","74","74","-","-","47","35","87","93","91","87","0.19","88","10","221"
"Upper-middle-income","2011","2741449.6383295","60","91","<1","6","1","0.55","82","1","14","3","0.90","98","<1","2","<1","0.05","73","86","84","73","0.40","72","20","-","75","75","-","-","49","34","88","93","91","88","0.19","88","10","222"
"Upper-middle-income","2012","2764807.9324427","61","92","<1","6","1","0.55","83","1","13","3","0.90","98","<1","2","<1","0.05","74","86","85","74","0.40","73","19","-","76","76","-","-","50","34","88","93","91","88","0.19","88","10","223"
"Upper-middle-income","2013","2788417.9702654","61","92","<1","6","1","0.55","84","2","12","2","0.90","98","<1","2","<1","0.05","74","87","85","74","0.40","74","19","-","77","77","-","-","52","33","89","93","90","89","0.19","89","10","224"
"Upper-middle-income","2014","2811816.7548447","62","93","<1","5","<1","0.55","85","2","11","2","0.90","98","<1","2","<1","0.05","75","87","85","75","0.40","75","18","-","78","77","-","-","53","33","90","93","90","90","0.19","89","9","225"
"Upper-middle-income","2015","2834636.6326075","63","93","<1","5","<1","0.55","86","2","11","2","0.90","98","<1","2","<1","0.05","75","88","86","75","0.40","76","18","-","79","78","-","-","55","32","90","93","90","90","0.19","89","9","226"
"Upper-middle-income","2016","2856772.1595821","64","94","<1","5","<1","0.55","87","2","10","2","0.90","98","<1","1","<1","0.05","75","88","86","75","0.40","77","17","-","80","79","-","-","56","32","90","93","90","91","0.19","89","9","227"
"Upper-middle-income","2017","2878215.5614834","65","94","<1","4","<1","0.55","87","2","9","2","0.90","98","<1","1","<1","0.05","76","89","87","76","0.40","78","17","-","81","80","-","-","58","32","90","93","90","92","0.19","89","9","228"
"Upper-middle-income","2018","2898818.4789648","66","95","<1","4","<1","0.55","88","2","9","1","0.90","98","<1","1","<1","0.05","76","89","87","76","0.40","79","16","-","82","80","-","-","59","31","90","93","90","92","0.19","90","9","229"
"Upper-middle-income","2019","2918437.3164492","66","95","<1","4","<1","0.55","89","2","8","1","0.90","98","<1","1","<1","0.05","76","90","87","76","0.40","80","16","-","83","81","-","-","61","31","90","93","90","93","0.19","90","8","230"
"Upper-middle-income","2020","2936970.3003387","67","95","<1","3","<1","0.55","90","2","7","<1","0.90","98","<1","1","<1","0.05","77","90","87","77","0.40","81","15","-","84","82","-","-","62","30","90","93","90","94","0.19","90","8","231"
"High-income","2000","1076813.9162169","76","99","<1","1","<1","0.04","97","<1","3","<1","0.13",">99","<1","<1","<1","0.02","95","97","-","98","0.12","95","3","92","92","-","94","-","89","9","96","98","96","99","0.09","98","2","232"
"High-income","2001","1083584.9430103","77","99","<1","<1","<1","0.04","97","<1","3","<1","0.13",">99","<1","<1","<1","0.02","95","97","-","98","0.12","95","4","92","92","-","94","-","89","8","96","98","96","99","0.09","97","2","233"
"High-income","2002","1090445.3700304","77",">99","<1","<1","<1","0.04","98","<1","2","<1","0.13",">99","<1","<1","<1","0.02","96","97","-","98","0.12","96","3","94","94","-","95","-","91","7","96","98","96","99","0.09","98","2","234"
"High-income","2003","1097497.9667301","77",">99","<1","<1","<1","0.04","98","<1","2","<1","0.13",">99","<1","<1","<1","0.02","96","97","-","98","0.12","96","3","94","94","-","95","-","91","7","96","98","96","99","0.09","98","2","235"
"High-income","2004","1104873.6582394","78",">99","<1","<1","<1","0.04","98","<1","2","<1","0.13",">99","<1","<1","<1","0.02","96","97","-","98","0.12","96","3","94","94","-","95","-","91","7","96","98","96","99","0.09","98","2","236"
"High-income","2005","1112645.3788223","78",">99","<1","<1","<1","0.04","98","<1","2","<1","0.13",">99","<1","<1","<1","0.02","96","97","96","98","0.12","96","3","93","94","93","95","-","91","7","97","98","97","99","0.09","98","2","237"
"High-income","2006","1120861.9497604","78",">99","<1","<1","<1","0.04","98","<1","2","<1","0.13",">99","<1","<1","<1","0.02","96","98","96","98","0.12","96","3","93","94","93","95","-","91","7","97","99","97","99","0.09","98","2","238"
"High-income","2007","1129437.0266371","79",">99","<1","<1","<1","0.04","98","<1","2","<1","0.13",">99","<1","<1","<1","0.02","96","98","96","98","0.12","96","3","93","94","93","95","-","91","7","97","99","97","99","0.09","98","2","239"
"High-income","2008","1138139.366765","79",">99","<1","<1","<1","0.04","98","<1","2","<1","0.13",">99","<1","<1","<1","0.02","96","98","96","98","0.12","96","3","93","94","93","95","-","91","7","97","99","97","99","0.09","98","2","240"
"High-income","2009","1146652.6766148","79",">99","<1","<1","<1","0.04","98","<1","2","<1","0.13",">99","<1","<1","<1","0.02","96","98","96","98","0.12","97","3","93","95","93","95","-","92","6","97","99","97","99","0.09","98","2","241"
"High-income","2010","1154741.5584345","80",">99","<1","<1","<1","0.04","98","<1","2","<1","0.13",">99","<1","<1","<1","0.02","96","98","96","98","0.12","97","3","94","95","94","96","-","92","6","97","99","97","99","0.09","98","2","242"
"High-income","2011","1162311.2085495","80",">99","<1","<1","<1","0.04","98","<1","2","<1","0.13",">99","<1","<1","<1","0.02","96","98","96","98","0.12","97","3","94","95","94","96","-","92","6","97",">99","97","99","0.09","98","2","243"
"High-income","2012","1169397.5125237","80",">99","<1","<1","<1","0.04","98","<1","1","<1","0.13",">99","<1","<1","<1","0.02","97","98","97","98","0.12","97","3","94","96","94","96","-","92","6","97",">99","97","99","0.09","98","2","244"
"High-income","2013","1176056.2470188","80",">99","<1","<1","<1","0.04","99","<1","1","<1","0.13",">99","<1","<1","<1","0.02","97","98","97","98","0.12","97","2","95","96","95","96","-","93","6","97",">99","97","99","0.09","98","2","245"
"High-income","2014","1182397.080534","80",">99","<1","<1","<1","0.04","99","<1","1","<1","0.13",">99","<1","<1","<1","0.02","97","99","97","99","0.12","97","2","-","96","95","-","-","93","6","97",">99","97",">99","0.09","98","2","246"
"High-income","2015","1188496.7733164","80",">99","<1","<1","<1","0.04","99","<1","<1","<1","0.13",">99","<1","<1","<1","0.02","97","99","97","99","0.12","97","2","-","96","95","-","-","93","6","97",">99","97",">99","0.09","98","1","247"
"High-income","2016","1194368.2826986","81",">99","<1","<1","<1","0.04",">99","<1","<1","<1","0.13",">99","<1","<1","<1","0.02","97","99","97","99","0.12","97","2","-","97","96","-","-","93","6","98",">99","98",">99","0.09","98","1","248"
"High-income","2017","1199965.7975693","81",">99","<1","<1","<1","0.04",">99","<1","<1","<1","0.13",">99","<1","<1","<1","0.02","97","99","97",">99","0.12","97","2","-","97","96","-","-","93","6","98",">99","98",">99","0.09","98","1","249"
"High-income","2018","1205242.6782618","81",">99","<1","<1","<1","0.04",">99","<1","<1","<1","0.13",">99","<1","<1","<1","0.02","97","99","97",">99","0.12","97","2","-","97","96","-","-","93","6","98",">99","98",">99","0.09","98","1","250"
"High-income","2019","1210133.9097252","81",">99","<1","<1","<1","0.04",">99","<1","<1","<1","0.13",">99","<1","<1","<1","0.02","97","99","97",">99","0.12","98","2","-","97","96","-","-","95","5","98",">99","98",">99","0.09","99","1","251"
"High-income","2020","1214600.6795235","81",">99","<1","<1","<1","0.04",">99","<1","<1","<1","0.13",">99","<1","<1","<1","0.02","98",">99","98",">99","0.12","98","2","-","97","97","-","-","95","5","98",">99","98",">99","0.09","99","1","252"
"Fragile or Extremely Fragile","2000","1131207.6905212","34","61","7","19","13","0.67","49","7","25","19","0.70","84","6","7","3","0.28","37","41","55","37","0.25","33","35","28","29","48","28","0.27","15","40","56","63","70","56","-0.04","66","24","253"
"Fragile or Extremely Fragile","2001","1158259.931427","35","61","7","19","13","0.67","49","7","25","18","0.70","84","6","7","3","0.28","38","41","56","38","0.25","33","35","28","29","48","28","0.27","16","41","56","63","71","56","-0.04","66","25","254"
"Fragile or Extremely Fragile","2002","1185914.9339905","35","62","7","18","13","0.67","50","8","25","18","0.70","85","6","7","2","0.28","38","41","56","38","0.25","33","36","28","29","49","28","0.27","16","42","56","63","71","56","-0.04","65","25","255"
"Fragile or Extremely Fragile","2003","1214103.9976807","35","63","7","18","12","0.67","51","8","24","18","0.70","85","6","7","2","0.28","38","41","57","38","0.25","33","37","28","30","50","28","0.27","16","42","56","63","71","56","-0.04","65","26","256"
"Fragile or Extremely Fragile","2004","1242710.1332397","36","63","7","18","12","0.67","51","8","24","17","0.70","85","6","6","2","0.28","38","42","58","38","0.25","33","37","28","30","50","28","0.27","16","43","56","63","71","56","-0.04","64","27","257"
"Fragile or Extremely Fragile","2005","1271656.9327087","36","64","7","17","11","0.67","52","8","23","17","0.70","85","6","6","2","0.28","38","42","58","38","0.25","34","38","29","30","51","29","0.27","16","44","56","63","71","56","-0.04","64","27","258"
"Fragile or Extremely Fragile","2006","1300928.6933594","37","65","8","17","11","0.67","53","8","23","16","0.70","86","6","6","2","0.28","39","43","59","39","0.25","34","38","29","30","52","29","0.27","17","44","55","63","71","55","-0.04","64","28","259"
"Fragile or Extremely Fragile","2007","1330585.7922974","37","65","8","16","11","0.67","53","9","22","16","0.70","86","6","6","2","0.28","39","43","60","39","0.25","34","39","29","31","53","29","0.27","17","45","55","64","72","55","-0.04","63","29","260"
"Fragile or Extremely Fragile","2008","1360717.3059387","37","66","8","16","10","0.67","54","9","22","15","0.70","86","6","6","2","0.28","39","43","60","39","0.25","34","40","29","31","53","29","0.27","17","46","55","64","72","55","-0.04","63","29","261"
"Fragile or Extremely Fragile","2009","1391445.8184204","38","67","8","16","10","0.67","55","9","22","14","0.70","86","6","6","2","0.28","39","44","61","39","0.25","35","40","30","31","54","30","0.27","18","46","55","64","72","55","-0.04","62","30","262"
"Fragile or Extremely Fragile","2010","1422859.4848633","38","67","8","15","9","0.67","56","9","21","14","0.70","87","6","5","2","0.28","39","44","61","39","0.25","35","41","30","32","55","30","0.27","18","47","55","64","72","55","-0.04","62","31","263"
"Fragile or Extremely Fragile","2011","1464840.3966675","39","68","8","15","9","0.67","56","10","21","14","0.70","87","6","5","2","0.28","40","44","62","40","0.25","35","42","30","32","56","30","0.27","18","48","55","64","72","55","-0.04","61","32","264"
"Fragile or Extremely Fragile","2012","1497989.6211548","39","69","9","14","9","0.67","57","10","20","13","0.70","87","6","5","2","0.28","40","45","62","40","0.25","35","42","30","32","56","30","0.27","18","49","55","65","72","55","-0.04","61","32","265"
"Fragile or Extremely Fragile","2013","1531742.4980469","39","69","9","14","8","0.67","58","10","20","12","0.70","88","6","5","2","0.28","40","45","63","40","0.25","35","43","31","33","57","31","0.27","19","49","55","65","72","55","-0.04","61","33","266"
"Fragile or Extremely Fragile","2014","1565990.3480835","40","70","9","13","8","0.67","58","11","19","12","0.70","88","6","5","1","0.28","40","46","63","40","0.25","35","44","31","33","58","31","0.27","19","50","55","65","72","55","-0.04","60","34","267"
"Fragile or Extremely Fragile","2015","1600666.7140503","40","71","9","13","7","0.67","59","11","19","11","0.70","88","6","4","1","0.28","41","46","64","41","0.25","36","44","31","33","59","31","0.27","19","51","55","66","72","55","-0.04","60","34","268"
"Fragile or Extremely Fragile","2016","1635708.3383789","41","72","9","13","7","0.67","60","11","18","11","0.70","89","6","4","1","0.28","41","47","65","41","0.25","36","45","32","34","59","32","0.27","19","52","55","66","72","55","-0.04","59","35","269"
"Fragile or Extremely Fragile","2017","1671168.105835","41","72","9","12","7","0.67","60","11","18","10","0.70","89","6","4","1","0.28","41","47","65","41","0.25","36","45","32","34","60","32","0.27","20","52","55","66","72","55","-0.04","59","36","270"
"Fragile or Extremely Fragile","2018","1707232.2052612","42","73","9","12","6","0.67","61","12","17","10","0.70","89","6","4","<1","0.28","42","48","66","42","0.25","36","46","32","35","61","32","0.27","20","53","55","67","72","55","-0.04","59","36","271"
"Fragile or Extremely Fragile","2019","1744157.3840942","42","74","9","11","6","0.67","62","12","17","9","0.70","90","6","4","<1","0.28","42","48","66","42","0.25","36","47","33","35","62","33","0.27","20","54","55","67","72","55","-0.04","58","37","272"
"Fragile or Extremely Fragile","2020","1782108.9766846","43","74","9","11","5","0.67","63","12","17","9","0.70","90","6","4","<1","0.28","43","49","67","43","0.25","36","47","33","35","62","33","0.27","20","54","55","67","73","55","-0.04","58","38","273"
"Least Developed Countries","2000","649947.12787056","25","51","9","26","15","0.81","42","9","31","18","0.74","76","9","11","4","0.47","25","25","50","31","0.61","20","40","18","18","45","26","0.47","9","42","45","45","64","47","0.51","52","33","274"
"Least Developed Countries","2001","666364.87426281","25","51","9","25","14","0.81","43","9","31","18","0.74","76","9","11","4","0.47","25","25","50","32","0.61","20","40","19","19","46","27","0.47","10","42","45","45","64","47","0.51","52","33","275"
"Least Developed Countries","2002","684179.2849865","26","52","9","25","14","0.81","43","9","30","17","0.74","77","9","10","4","0.47","26","26","51","32","0.61","21","40","19","19","46","27","0.47","10","43","46","46","65","47","0.51","52","34","276"
"Least Developed Countries","2003","701453.30883884","26","53","9","24","13","0.81","44","9","30","17","0.74","77","9","10","3","0.47","26","26","52","32","0.61","22","41","19","19","47","27","0.47","10","43","46","46","65","47","0.51","53","34","277"
"Least Developed Countries","2004","718913.68562126","27","54","10","24","13","0.81","45","10","29","16","0.74","78","9","10","3","0.47","27","27","52","33","0.61","22","41","19","19","48","27","0.47","11","44","47","47","65","47","0.51","53","34","278"
"Least Developed Countries","2005","736445.29358482","27","55","10","23","12","0.81","46","10","28","16","0.74","78","9","10","3","0.47","27","27","53","33","0.61","23","41","20","20","49","28","0.47","11","44","47","48","65","47","0.51","54","34","279"
"Least Developed Countries","2006","754010.71709061","28","55","10","23","12","0.81","46","10","28","15","0.74","79","9","9","3","0.47","28","28","54","33","0.61","24","42","20","20","50","28","0.47","12","45","48","49","65","48","0.51","54","34","280"
"Least Developed Countries","2007","771684.96050835","28","56","10","22","12","0.81","47","11","27","15","0.74","79","9","9","3","0.47","28","29","55","34","0.61","24","42","21","21","51","28","0.47","13","45","48","50","66","48","0.51","55","34","281"
"Least Developed Countries","2008","789601.78546619","29","57","11","21","11","0.81","48","11","26","15","0.74","80","9","9","3","0.47","29","30","56","34","0.61","25","42","21","21","51","28","0.47","13","46","48","51","66","48","0.51","55","34","282"
"Least Developed Countries","2009","807950.11063957","29","58","11","21","11","0.81","49","11","26","14","0.74","80","9","8","2","0.47","29","30","56","34","0.61","26","43","22","22","52","29","0.47","14","47","49","52","66","49","0.51","56","34","283"
"Least Developed Countries","2010","826870.25677109","30","59","11","20","10","0.81","49","12","25","14","0.74","81","9","8","2","0.47","30","31","57","35","0.61","27","43","22","22","53","29","0.47","14","47","49","53","66","49","0.51","56","34","284"
"Least Developed Countries","2011","856228.78836918","30","59","11","19","10","0.81","50","12","24","13","0.74","81","9","8","2","0.47","30","32","58","35","0.61","27","44","22","22","54","29","0.47","15","48","49","54","67","49","0.51","56","34","285"
"Least Developed Countries","2012","876617.73528004","30","60","12","19","9","0.81","51","13","24","13","0.74","82","9","7","2","0.47","31","33","59","36","0.61","28","44","23","23","55","29","0.47","15","48","50","55","67","50","0.51","57","34","286"
"Least Developed Countries","2013","897536.79918766","31","61","12","18","9","0.81","52","13","23","12","0.74","82","9","7","2","0.47","32","34","59","36","0.61","29","44","23","23","56","30","0.47","16","49","51","56","67","51","0.51","57","34","287"
"Least Developed Countries","2014","918959.07400513","31","62","12","17","9","0.81","52","14","22","12","0.74","83","9","7","2","0.47","33","34","60","37","0.61","29","45","24","24","57","30","0.47","16","50","51","57","68","51","0.51","58","34","288"
"Least Developed Countries","2015","940860.17819309","32","63","12","17","8","0.81","53","14","22","11","0.74","83","9","6","2","0.47","33","35","61","37","0.61","30","45","25","25","58","30","0.47","17","50","52","58","68","52","0.51","58","34","289"
"Least Developed Countries","2016","963241.39806938","33","64","13","16","8","0.81","54","14","21","11","0.74","84","9","6","1","0.47","34","36","62","38","0.61","31","45","25","25","59","31","0.47","17","51","53","59","68","53","0.51","59","34","290"
"Least Developed Countries","2017","986099.9081974","33","65","13","16","7","0.81","55","15","20","10","0.74","84","9","6","1","0.47","35","37","62","38","0.61","31","46","26","26","59","31","0.47","18","52","53","60","69","53","0.51","59","34","291"
"Least Developed Countries","2018","1009398.580966","34","65","13","15","7","0.81","56","15","20","10","0.74","85","9","6","1","0.47","36","38","63","39","0.61","32","46","27","27","60","32","0.47","18","52","54","61","69","54","0.51","60","34","292"
"Least Developed Countries","2019","1033088.9892893","34","66","13","14","6","0.81","56","15","19","9","0.74","85","9","5","<1","0.47","36","39","64","40","0.61","33","47","27","27","61","32","0.47","19","53","54","62","69","54","0.51","60","34","293"
"Least Developed Countries","2020","1057131.0293045","35","67","13","14","6","0.81","57","16","19","9","0.74","85","9","5","<1","0.47","37","40","64","40","0.61","33","47","28","28","62","32","0.47","19","54","55","63","69","55","0.51","60","34","294"
"Landlocked Developing Countries","2000","327747.64117432","27","52","8","25","15","0.79","39","9","32","20","0.91","86","5","7","2","0.22","26","26","50","34","0.47","33","27","12","12","41","23","0.47","16","32","64","64","72","65","0.11","78","13","295"
"Landlocked Developing Countries","2001","335182.56970215","27","53","8","25","14","0.79","40","10","32","19","0.91","87","5","7","2","0.22","26","26","50","34","0.47","33","27","12","12","42","23","0.47","17","33","64","64","72","65","0.11","78","13","296"
"Landlocked Developing Countries","2002","342882.61346436","28","53","9","24","14","0.79","41","10","31","18","0.91","87","5","6","2","0.22","27","27","51","35","0.47","34","28","13","13","43","23","0.47","17","34","64","64","72","65","0.11","78","14","297"
"Landlocked Developing Countries","2003","350812.39068604","28","54","9","24","13","0.79","42","10","30","18","0.91","87","5","6","2","0.22","27","27","52","35","0.47","34","29","13","13","44","23","0.47","18","34","65","65","72","65","0.11","78","14","298"
"Landlocked Developing Countries","2004","358913.48626709","28","55","9","23","13","0.79","43","11","30","17","0.91","87","5","6","2","0.22","28","28","53","35","0.47","35","29","13","13","46","23","0.47","18","35","65","65","72","65","0.11","78","14","299"
"Landlocked Developing Countries","2005","367148.92724609","28","56","9","23","12","0.79","43","11","29","16","0.91","87","5","6","2","0.22","28","28","54","35","0.47","35","30","14","14","47","23","0.47","19","36","65","65","72","65","0.11","78","15","300"
"Landlocked Developing Countries","2006","375509.23504639","28","57","10","22","12","0.79","44","12","28","16","0.91","88","5","6","2","0.22","29","29","55","35","0.47","36","30","14","14","48","24","0.47","19","37","65","66","72","65","0.11","78","15","301"
"Landlocked Developing Countries","2007","384027.35406494","28","57","10","21","11","0.79","45","12","28","15","0.91","88","5","5","2","0.22","29","30","56","36","0.47","36","31","15","15","49","24","0.47","20","37","65","66","72","65","0.11","78","15","302"
"Landlocked Developing Countries","2008","392759.67340088","29","58","10","21","11","0.79","46","12","27","14","0.91","88","5","5","1","0.22","30","30","56","36","0.47","37","32","15","15","50","24","0.47","21","38","65","67","72","65","0.11","78","16","303"
"Landlocked Developing Countries","2009","401782.98742676","29","59","11","20","10","0.79","47","13","26","14","0.91","88","5","5","1","0.22","30","31","57","36","0.47","38","32","16","16","51","24","0.47","21","39","66","67","72","66","0.11","78","16","304"
"Landlocked Developing Countries","2010","411152.99920654","29","60","11","19","9","0.79","48","13","26","13","0.91","89","5","5","1","0.22","31","32","58","36","0.47","38","33","16","16","53","24","0.47","22","40","66","68","72","66","0.11","78","16","305"
"Landlocked Developing Countries","2011","430709.33972168","29","60","12","19","9","0.79","49","14","25","12","0.91","88","6","5","1","0.22","31","32","59","37","0.47","38","34","17","17","54","25","0.47","22","41","66","68","72","66","0.11","77","17","306"
"Landlocked Developing Countries","2012","441057.03424072","29","61","12","18","9","0.79","50","15","24","12","0.91","89","6","4","1","0.22","32","32","60","37","0.47","39","35","17","17","55","25","0.47","23","42","66","68","72","66","0.11","77","18","307"
"Landlocked Developing Countries","2013","451698.91577148","30","62","12","17","8","0.79","51","15","23","11","0.91","89","6","4","1","0.22","32","33","61","37","0.47","39","35","18","18","56","25","0.47","23","43","66","69","72","66","0.11","77","18","308"
"Landlocked Developing Countries","2014","462623.55444336","30","63","13","17","7","0.79","52","16","22","10","0.91","89","6","4","1","0.22","33","34","62","38","0.47","40","36","18","18","57","26","0.47","24","44","66","70","73","66","0.11","77","18","309"
"Landlocked Developing Countries","2015","473816.85412598","30","64","13","16","7","0.79","53","16","22","9","0.91","90","6","4","<1","0.22","33","34","63","38","0.47","40","37","19","19","58","26","0.47","25","44","66","70","73","66","0.11","77","19","310"
"Landlocked Developing Countries","2016","485276.85772705","30","65","14","16","6","0.79","54","17","21","9","0.91","90","6","3","<1","0.22","34","35","64","39","0.47","41","37","20","20","60","27","0.47","25","45","66","71","74","66","0.11","77","19","311"
"Landlocked Developing Countries","2017","496988.24987793","30","65","14","15","6","0.79","55","17","20","8","0.91","90","6","3","<1","0.22","34","36","65","39","0.47","41","38","20","20","61","28","0.47","26","46","66","72","74","66","0.11","77","19","312"
"Landlocked Developing Countries","2018","508906.02990723","31","66","14","14","5","0.79","55","18","19","7","0.91","90","6","3","<1","0.22","35","37","66","40","0.47","42","39","21","21","62","28","0.47","26","47","66","72","74","66","0.11","77","20","313"
"Landlocked Developing Countries","2019","520972.68896484","31","67","15","14","5","0.79","56","18","19","7","0.91","91","6","3","<1","0.22","35","37","67","40","0.47","43","39","21","21","63","29","0.47","27","48","66","73","75","66","0.11","77","20","314"
"Landlocked Developing Countries","2020","533143.39898682","31","68","15","13","4","0.79","57","19","18","6","0.91","91","6","2","<1","0.22","35","38","67","41","0.47","43","40","22","22","64","29","0.47","28","48","66","74","75","66","0.11","77","20","315"
"Small Island Developing States","2000","55106.094065189","57","80","3","9","8","0.14","61","4","16","18","0.16","95","1","3","<1","-0.01","-","65","66","-","-","67","16","-","41","49","-","-","42","23","-","83","80","-","-","86","11","316"
"Small Island Developing States","2001","55738.948901772","57","80","3","9","8","0.14","61","4","16","18","0.16","95","1","3","<1","-0.01","-","65","66","-","-","67","16","-","42","49","-","-","42","23","-","83","80","-","-","85","11","317"
"Small Island Developing States","2002","57260.30346334","57","80","3","9","8","0.14","60","4","17","18","0.16","95","1","3","<1","-0.01","-","65","66","-","-","66","17","-","41","49","-","-","42","23","-","83","79","-","-","85","12","318"
"Small Island Developing States","2003","57872.574125171","57","80","3","9","8","0.14","61","4","17","18","0.16","95","2","3","<1","-0.01","-","65","66","-","-","66","17","-","41","49","-","-","42","23","-","82","79","-","-","84","12","319"
"Small Island Developing States","2004","58506.750543356","57","80","3","9","8","0.14","61","4","17","17","0.16","95","2","3","<1","-0.01","-","65","66","-","-","66","17","-","42","49","-","-","42","23","-","82","79","-","-","84","13","320"
"Small Island Developing States","2005","59183.186475992","58","81","3","9","8","0.14","61","5","18","17","0.16","95","2","3","<1","-0.01","-","65","67","-","-","66","17","-","42","49","-","-","42","23","-","82","79","-","-","84","13","321"
"Small Island Developing States","2006","59909.923492193","58","81","3","9","7","0.14","61","5","18","17","0.16","95","2","3","<1","-0.01","-","65","67","-","-","66","18","-","42","49","-","-","42","24","-","82","79","-","-","83","13","322"
"Small Island Developing States","2007","60677.810403943","58","81","3","9","7","0.14","61","5","18","16","0.16","95","2","3","<1","-0.01","-","66","67","-","-","66","18","-","42","50","-","-","42","24","-","82","79","-","-","83","14","323"
"Small Island Developing States","2008","61469.9231745","59","81","3","9","7","0.14","61","5","18","16","0.16","95","2","3","<1","-0.01","-","66","67","-","-","66","18","-","43","50","-","-","42","24","-","82","79","-","-","83","14","324"
"Small Island Developing States","2009","62260.715965509","59","81","3","9","7","0.14","62","5","18","15","0.16","95","2","3","<1","-0.01","-","66","67","-","-","66","19","-","43","50","-","-","42","24","-","82","79","-","-","82","14","325"
"Small Island Developing States","2010","63030.941877127","59","82","3","9","6","0.14","62","5","18","15","0.16","95","2","3","<1","-0.01","-","67","68","-","-","66","19","-","44","50","-","-","42","25","-","82","80","-","-","82","15","326"
"Small Island Developing States","2011","63777.734882355","60","82","3","9","6","0.14","62","5","19","15","0.16","95","2","3","<1","-0.01","-","67","68","-","-","66","19","-","44","50","-","-","42","25","-","82","80","-","-","82","15","327"
"Small Island Developing States","2012","64504.585243702","60","82","3","9","6","0.14","62","5","19","14","0.16","95","2","3","<1","-0.01","-","67","68","-","-","65","20","-","44","51","-","-","42","26","-","82","80","-","-","81","16","328"
"Small Island Developing States","2013","65206.704165459","60","82","3","9","6","0.14","63","5","19","14","0.16","95","2","3","<1","-0.01","-","68","69","-","-","65","20","-","45","51","-","-","42","26","-","82","80","-","-","81","16","329"
"Small Island Developing States","2014","65880.009481549","60","83","3","9","5","0.14","63","5","19","13","0.16","95","2","3","<1","-0.01","-","68","69","-","-","65","21","-","45","51","-","-","42","26","-","82","80","-","-","80","17","330"
"Small Island Developing States","2015","66522.539109111","61","83","3","9","5","0.14","63","5","19","13","0.16","95","2","2","<1","-0.01","-","68","69","-","-","65","21","-","46","52","-","-","42","27","-","82","80","-","-","80","18","331"
"Small Island Developing States","2016","67129.347726226","61","83","3","9","5","0.14","64","5","19","12","0.16","95","2","2","<1","-0.01","-","68","69","-","-","64","22","-","47","52","-","-","42","27","-","82","81","-","-","79","18","332"
"Small Island Developing States","2017","67703.320490837","61","83","3","9","5","0.14","64","5","19","12","0.16","95","2","2","<1","-0.01","-","68","69","-","-","64","22","-","47","52","-","-","41","28","-","82","80","-","-","78","19","333"
"Small Island Developing States","2018","68260.895502448","61","83","3","9","5","0.14","64","5","19","12","0.16","95","2","2","<1","-0.01","-","68","69","-","-","63","23","-","47","52","-","-","41","28","-","82","80","-","-","78","20","334"
"Small Island Developing States","2019","68824.536523461","61","83","3","9","5","0.14","64","5","19","12","0.16","95","2","2","<1","-0.01","-","68","69","-","-","63","24","-","47","52","-","-","41","29","-","81","80","-","-","77","20","335"
"Small Island Developing States","2020","69410.089661121","61","83","3","9","5","0.14","64","5","19","12","0.16","95","2","2","<1","-0.01","-","68","69","-","-","62","24","-","47","52","-","-","40","29","-","81","80","-","-","76","21","336"
"World","2000","6135796.4098182","47","82","3","12","4","0.42","70","3","20","7","0.61","95","1","3","<1","0.05","62","63","76","62","0.63","57","27","42","42","65","42","0.89","33","40","85","86","89","85","0.06","85","12","337"
"World","2001","6214664.4196966","47","82","3","11","4","0.42","70","3","19","7","0.61","95","1","3","<1","0.05","62","63","76","62","0.63","58","27","42","42","65","42","0.89","33","40","84","87","89","84","0.06","85","12","338"
"World","2002","6294471.4602929","48","83","3","11","4","0.42","71","4","19","7","0.61","95","1","3","<1","0.05","63","64","76","63","0.63","58","27","42","44","65","42","0.89","34","40","85","87","89","85","0.06","85","12","339"
"World","2003","6373635.3101485","48","83","3","11","4","0.42","71","4","18","7","0.61","95","1","2","<1","0.05","63","65","77","63","0.63","59","27","43","45","66","43","0.89","35","41","85","87","88","85","0.06","85","12","340"
"World","2004","6453330.9547177","49","83","3","10","4","0.42","72","4","17","7","0.61","96","2","2","<1","0.05","63","66","77","63","0.63","59","27","43","46","66","43","0.89","35","41","84","87","88","84","0.06","85","12","341"
"World","2005","6533754.6086529","49","84","3","10","4","0.42","73","4","17","6","0.61","96","2","2","<1","0.05","63","67","77","63","0.63","60","27","43","48","66","43","0.89","36","41","84","87","88","84","0.06","84","13","342"
"World","2006","6615610.5068919","50","84","3","9","3","0.42","73","4","16","6","0.61","96","2","2","<1","0.05","64","68","77","64","0.63","60","27","43","50","66","43","0.89","36","41","84","87","88","84","0.06","84","13","343"
"World","2007","6697631.535942","50","85","3","9","3","0.42","74","4","16","6","0.61","96","2","2","<1","0.05","64","69","77","64","0.63","61","27","44","51","67","44","0.89","37","42","84","87","88","84","0.06","84","13","344"
"World","2008","6780351.7000296","51","85","3","9","3","0.42","75","4","15","6","0.61","96","2","2","<1","0.05","64","70","77","64","0.63","61","27","44","52","67","44","0.89","37","42","84","87","88","84","0.06","84","13","345"
"World","2009","6863624.6690342","51","86","3","8","3","0.42","75","4","15","6","0.61","96","2","2","<1","0.05","65","71","78","65","0.63","61","27","45","54","67","45","0.89","38","42","84","87","88","84","0.06","84","13","346"
"World","2010","6947315.1259327","52","86","3","8","3","0.42","76","5","14","5","0.61","96","2","2","<1","0.05","66","72","78","66","0.63","62","27","46","55","67","46","0.89","38","42","84","87","88","84","0.06","84","13","347"
"World","2011","7041194.258116","52","87","3","8","3","0.42","76","5","14","5","0.61","96","2","2","<1","0.05","67","72","78","67","0.63","62","27","48","56","67","48","0.89","39","43","84","87","87","84","0.06","84","13","348"
"World","2012","7125827.9235984","53","87","3","7","3","0.42","77","5","13","5","0.61","96","2","2","<1","0.05","67","73","78","67","0.63","63","28","49","56","68","49","0.89","39","43","84","87","87","84","0.06","84","14","349"
"World","2013","7210582.0976663","53","87","3","7","2","0.42","78","5","12","5","0.61","96","2","2","<1","0.05","68","73","78","68","0.63","63","28","50","57","68","50","0.89","39","43","85","88","87","85","0.06","84","14","350"
"World","2014","7295290.8588286","53","88","3","7","2","0.42","78","5","12","5","0.61","96","2","2","<1","0.05","69","74","78","69","0.63","63","28","51","58","68","51","0.89","40","44","85","88","87","85","0.06","84","14","351"
"World","2015","7379796.9657933","54","88","3","6","2","0.42","79","5","11","4","0.61","96","2","2","<1","0.05","70","74","78","70","0.63","64","28","53","59","68","53","0.89","40","44","85","88","87","85","0.06","84","14","352"
"World","2016","7464022.0488853","54","89","3","6","2","0.42","80","6","11","4","0.61","96","2","2","<1","0.05","71","75","78","71","0.63","64","28","54","59","68","54","0.89","41","44","85","88","86","85","0.06","84","14","353"
"World","2017","7547858.7875593","55","89","3","6","2","0.42","80","6","10","4","0.61","96","2","2","<1","0.05","72","75","78","72","0.63","64","28","56","60","68","56","0.89","41","45","85","88","86","85","0.06","83","14","354"
"World","2018","7631091.0680085","55","89","4","5","2","0.42","81","6","10","4","0.61","96","2","2","<1","0.05","73","76","78","73","0.63","65","28","57","61","68","57","0.89","42","45","86","88","86","86","0.06","83","15","355"
"World","2019","7713468.2519469","56","90","4","5","2","0.42","81","6","9","3","0.61","96","2","2","<1","0.05","74","76","78","74","0.63","65","28","58","61","68","58","0.89","42","45","86","88","86","86","0.06","83","15","356"
"World","2020","7794798.7077154","56","90","4","5","2","0.42","82","6","9","3","0.61","96","2","2","<1","0.05","74","77","78","75","0.63","65","28","60","62","68","60","0.89","42","46","86","88","86","86","0.06","83","15","357"
